AUGUST 1997,,,,,,,,,,,,,,,,,,,,,,,,,,,,,,,
,F,S,S,M,T,W,TR,F,S,S,M,T,W,TR,F,S,S,M,T,W,TR,F,S,S,M,T,W,TR,F,S,S
,1,2,3,4,5,6,7,8,9,10,11,12,13,14,15,16,17,18,19,20,21,22,23,24,25,26,27,28,29,30,31
North Pier West - 410',,F/V Swift Dory,,,,,,,,,Community sail day,,,,,,,,,,,,,,,S/V IRON PETREL,,,,,
North Pier Face - 75',,,,,,,,,,,,,,,,,,,,,,,,,,,,,,,
North Pier East - 240',,,F/V Deep Cove,,,,,,,,,,,,,,,,,,,,,,,,Tug WESTERN CURRENT,,,,
Inner Channel - 55',,,,,,,,,,,,,,,,,,,,,,,,,,,,,,,
South Float West - 90',,,,,,,M/V Swift Petrel,,,,,,,,,,,,,,,,,,,,,,,,
South Float East - 90',,S/V FAR HORIZON,,,,,,,,,,,,,,S/V FAR HORIZON,,,,,,,,,S/V FAR HORIZON,,,,,,
,,,,,,,,,,,,,,,,,,,,,,,,,,,,,,,
,,,,,,,,,,,,,,,,,,,,,,,,,,,,,,,
,,,,,,,,,,,,,,,,,,,,,,,,,,,,,,,
SEPTEMBER 1997,M,T,W,TR,F,S,S,M,T,W,TR,F,S,S,M,T,W,TR,F,S,S,M,T,W,TR,F,S,S,M,T,
,1,2,3,4,5,6,7,8,9,10,11,12,13,14,15,16,17,18,19,20,21,22,23,24,25,26,27,28,29,30,
North Pier West - 410',,,,,,,R/V NORTHERN MERIDIAN,,,F/V Long Drift,,,,Community sail day,,,,,,R/V Quiet Tern,,,,,,,,,,,
North Pier Face - 75',,,,,,,,,,,,,,,,,,,,,,,,,,,,,,,
North Pier East - 240',Tug WESTERN CURRENT,,,,,R/V CLEAR STAR,,,,,,,,,,Barge SALT DORY,,,,,S/V IRON PETREL,,,,,,,,,Barge SALT DORY,
Inner Channel - 55',,,,,,,,,,,,,,,,,,,,,,,,,,,,,,,
South Float West - 90',,,,,,,,,,,,,,,,,,,,,,,,,,,,,,,
South Float East - 90',,,S/V FAR HORIZON,,,,,,,,,,,,,Barge Golden Star,,,Barge WESTERN COVE,,,,,,,,,,,,
,,,,,,,,,,,,,,,R/V Amber Tide,,,,,,,,,,,,,,,,
,,,,,,,,,,,,,,,,,,,,,,,,,,,,,,,
,,,,,,,,,,,,,,,,,,,,,,,,,,,,,,,
OCTOBER 1997,W,TR,F,S,S,M,T,W,TR,F,S,S,M,T,W,TR,F,S,S,M,T,W,TR,F,S,S,M,T,W,TR,F
,1,2,3,4,5,6,7,8,9,10,11,12,13,14,15,16,17,18,19,20,21,22,23,24,25,26,27,28,29,30,31
North Pier West - 410',,,,,,,,,,,,M/V NORTHERN HARBOR,,,,,,,,,,,,,,,M/V NORTHERN HARBOR,,,,
North Pier Face - 75',,,,,,,,,,,,,,,,,,,,,,,,,,,,,,,
North Pier East - 240',,Barge SALT DORY,,,,,,,,,,,,,,,,,Barge SALT DORY,,,,,,,,,Barge SALT DORY,,,
Inner Channel - 55',,,,,,,,,,,,,,,,,,,,,,,,,,,,,,,
South Float West - 90',,,,,,,,,,,,,,,,,,,,,,,,,,,,,,,
South Float East - 90',,,,,,,,,,,,S/V FAR HORIZON,,,,,,,,,,,,,,,,,,,
,,,,,,,,,,,,,,,,,,,,,,,,,,,,,,,
,,,,,,,,,,,,,,,,,,,,,,,,,,,,,,,
,,,,,,,,,,,,,,,,,,,,,,,,,,,,,,,
NOVEMBER 1997,S,S,M,T,W,TR,F,S,S,M,T,W,TR,F,S,S,M,T,W,TR,F,S,S,M,T,W,TR,F,S,S,
,1,2,3,4,5,6,7,8,9,10,11,12,13,14,15,16,17,18,19,20,21,22,23,24,25,26,27,28,29,30,
North Pier West - 410',,M/V NORTHERN HARBOR,,,,,,,,,,,,,,,,,,,,,,,,,,,,,
North Pier Face - 75',,,,,,,,,,,,,,,,,,,,,,,,,,,,,,,
North Pier East - 240',,Barge SALT DORY,,,,,,,,,,,,,,,,,,,,,,,,,Barge SALT DORY,,,,
Inner Channel - 55',,,,,,,,,,,,,,,,,,,,,,,,,,,,,,,
South Float West - 90',,,,,,,,,,,,,,,,,,,,,,,,,,,,,,,
South Float East - 90',,,,Tug WESTERN CURRENT,,,,,,,,,,,,,,,,,,,,,,,,,,,
,,,,,,,,,,,,,,,,,,,,,,,,,,,,,,,
,,,,,,,,,,,,,,,,,,,,,,,,,,,,,,,
,,,,,,,,,,,,,,,,,,,,,,,,,,,,,,,
DECEMBER 1997,M,T,W,TR,F,S,S,M,T,W,TR,F,S,S,M,T,W,TR,F,S,S,M,T,W,TR,F,S,S,M,T,W
,1,2,3,4,5,6,7,8,9,10,11,12,13,14,15,16,17,18,19,20,21,22,23,24,25,26,27,28,29,30,31
North Pier West - 410',,M/V NORTHERN HARBOR,,,,,,,,,,,,,,,,,,,,,,,,,,,,,
North Pier Face - 75',,,,,,,,,,,,,,,,,,,,,,,,,,,,,,,
North Pier East - 240',,,,,Barge SALT DORY,,,,,,,,,,,,,,,,,,,,,,,,,,
Inner Channel - 55',,,,,,,,,,,,,,,,,,,,,,,,,,,,,,,
South Float West - 90',,,,,,,,,,,,,,,,,,,,,,,,,,,,,,,
South Float East - 90',,,,,,,,,,,,,,,,,,,,,,,,,,,,,,,